seqnames,start,end,width,strand,peak,feature,start_position,end_position,feature_strand,insideFeature,distancetoFeature,shortestDistance,fromOverlappingOrNearest,index,diffpeak,logfc
1,156649372,156649772,401,*,17,ENSG00000229953,156646507,156661424,-,inside,12052,2865,Overlapping,chr1156649372156649772,-3.30225138589616,1.87144652754878
19,37832085,37832485,401,*,985,ENSG00000267640,37817332,37832160,+,overlapEnd,14753,75,NearestLocation,chr193783208537832485,-1.38829553916201,1.77973755710842
10,71143100,71143500,401,*,1222,ENSG00000107731,71212570,71302864,+,upstream,-69470,69070,NearestLocation,chr107114310071143500,-1.7980943791629,0.484033913473604
9,132722226,132722626,401,*,1916,ENSG00000165695,132725578,132878777,-,downstream,156551,2952,Overlapping,chr9132722226132722626,-1.37990452917378,1.5348923629497
2,156321520,156321920,401,*,1969,ENSG00000153234,156324437,156342348,-,downstream,20828,2517,Overlapping,chr2156321520156321920,-1.47829477391744,0.941916252016276
1,181175287,181175687,401,*,2152,ENSG00000237292,181174484,181182208,+,inside,803,803,NearestLocation,chr1181175287181175687,-1.23890821909855,1.43487141839828
19,55482288,55482688,401,*,2913,ENSG00000090971,55485188,55487568,+,upstream,-2900,2500,NearestLocation,chr195548228855482688,-1.10285540448011,0.703257162628959
7,648608,649008,401,*,2983,ENSG00000188191,549197,727650,-,inside,79042,78642,Overlapping,chr7648608649008,-1.83615146310145,0.390018225863479
8,97295505,97295905,401,*,3095,ENSG00000180543,97273488,97277928,-,upstream,-17577,17577,NearestLocation,chr89729550597295905,-1.54708696384425,0.437316811831804
