seqnames,start,end,width,strand,peak,feature,feature.ranges.start,feature.ranges.end,feature.ranges.width,feature.strand,distance,insideFeature,distanceToSite,description,index,diffpeak,logfc
5,141399684,141400084,401,*,X591,ENSG00000261934,141402778,141512975,110198,+,2693,upstream,2693,protocadherin gamma subfamily A, 9 [Source:HGNC Symbol;Acc:HGNC:8707],chr5141399684141400084,-3.93176683144234,-0.565039890537092
6,43179304,43179704,401,*,X944,ENSG00000112659,43182184,43224587,42404,+,2479,upstream,2479,cullin 9 [Source:HGNC Symbol;Acc:HGNC:15982],chr64317930443179704,-2.83351957864679,-0.369425582224033
11,119098043,119098443,401,*,X1167,ENSG00000188486,119093874,119095465,1592,-,2577,upstream,2577,H2A.X variant histone [Source:HGNC Symbol;Acc:HGNC:4739],chr11119098043119098443,-3.44643570710916,-1.25175116675989
5,141356862,141357262,401,*,X1864,ENSG00000253910,141359994,141512975,152982,+,2731,upstream,2731,protocadherin gamma subfamily B, 2 [Source:HGNC Symbol;Acc:HGNC:8709],chr5141356862141357262,-3.1399207116831,-1.10964274601492
11,10306294,10306694,401,*,X2087,ENSG00000133812,9776776,10304877,528102,-,1416,upstream,1416,SET binding factor 2 [Source:HGNC Symbol;Acc:HGNC:2135],chr111030629410306694,-1.30364487528697,-1.16384092584737
12,2879451,2879851,401,*,X3861,ENSG00000111206,2857680,2877174,19495,-,2276,upstream,2276,forkhead box M1 [Source:HGNC Symbol;Acc:HGNC:3818],chr1228794512879851,-2.55756626017934,-3.53279458039436
