seqnames,start,end,width,strand,peak,feature,feature.ranges.start,feature.ranges.end,feature.ranges.width,feature.strand,distance,insideFeature,distanceToSite,description,index,diffpeak,logfc
17,28659413,28659813,401,*,X142,ENSG00000109111,28662198,28702679,40482,+,2384,upstream,2384,SPT6 homolog, histone chaperone and transcription elongation factor [Source:HGNC Symbol;Acc:HGNC:11470],chr172865941328659813,-4.71671106617813,0.746282874091832
19,51890769,51891169,401,*,X593,ENSG00000161551,51804816,51890950,86135,-,0,overlapStart,0,zinc finger protein 577 [Source:HGNC Symbol;Acc:HGNC:28673],chr195189076951891169,-3.89609981199007,0.498013203194863
15,79919795,79920195,401,*,X717,ENSG00000259642,79922771,79926993,4223,+,2575,upstream,2575,ST20 antisense RNA 1 [Source:HGNC Symbol;Acc:HGNC:27521],chr157991979579920195,-3.76667420761671,0.65680207747084
11,10306294,10306694,401,*,X2087,ENSG00000133805,10308313,10507579,199267,+,1618,upstream,1618,adenosine monophosphate deaminase 3 [Source:HGNC Symbol;Acc:HGNC:470],chr111030629410306694,-1.30364487528697,0.698333745829264
8,43032819,43033219,401,*,X2285,ENSG00000168522,43034194,43085788,51595,+,974,upstream,974,farnesyltransferase, CAAX box, alpha [Source:HGNC Symbol;Acc:HGNC:3782],chr84303281943033219,-2.96114285324613,0.473740880532335
11,83190451,83190851,401,*,X3218,ENSG00000137494,83193712,83260694,66983,+,2860,upstream,2860,ankyrin repeat domain 42 [Source:HGNC Symbol;Acc:HGNC:26752],chr118319045183190851,-2.74335512746088,0.698840288502597
4,2044374,2044774,401,*,X3364,ENSG00000185049,1982717,2041903,59187,-,2470,upstream,2470,negative elongation factor complex member A [Source:HGNC Symbol;Acc:HGNC:12768],chr420443742044774,-2.23190417690092,0.483856530864739
22,46328779,46329179,401,*,X3953,ENSG00000100416,46330875,46357340,26466,+,1695,upstream,1695,tRNA mitochondrial 2-thiouridylase [Source:HGNC Symbol;Acc:HGNC:25481],chr224632877946329179,-1.77649308592559,0.337739152473797
