seqnames,start,end,width,strand,peak,feature,feature.ranges.start,feature.ranges.end,feature.ranges.width,feature.strand,distance,insideFeature,distanceToSite,description,index,diffpeak,logfc
14,49599704,49600104,401,*,X258,ENSG00000258568,49599994,49600572,579,+,0,overlapStart,0,ras homolog family member Q pseudogene 1 [Source:HGNC Symbol;Acc:HGNC:20003],chr144959970449600104,0.564309504605425,0.418234030624395
19,17859843,17860243,401,*,X1027,ENSG00000105640,17859910,17864153,4244,+,0,overlapStart,0,ribosomal protein L18a [Source:HGNC Symbol;Acc:HGNC:10311],chr191785984317860243,0.524156892309775,0.260628688943426
7,2241718,2242118,401,*,X1919,ENSG00000106268,2242226,2251146,8921,+,107,upstream,107,nudix hydrolase 1 [Source:HGNC Symbol;Acc:HGNC:8048],chr722417182242118,0.405946512007177,0.235170968932167
12,93441547,93441947,401,*,X2059,ENSG00000177889,93405673,93441947,36275,-,0,inside,0,ubiquitin conjugating enzyme E2 N [Source:HGNC Symbol;Acc:HGNC:12492],chr129344154793441947,0.246779384216762,0.247621812873212
7,133081732,133082132,401,*,X2384,ENSG00000106554,132784870,133082090,297221,-,0,overlapStart,0,coiled-coil-helix-coiled-coil-helix domain containing 3 [Source:HGNC Symbol;Acc:HGNC:21906],chr7133081732133082132,0.48863530833304,0.199620437500227
22,37804761,37805161,401,*,X2437,ENSG00000189060,37805229,37807432,2204,+,67,upstream,67,H1.0 linker histone [Source:HGNC Symbol;Acc:HGNC:4714],chr223780476137805161,0.470344695209315,0.289952271936324
