seqnames,start,end,width,strand,peak,feature,start_position,end_position,feature_strand,insideFeature,distancetoFeature,shortestDistance,fromOverlappingOrNearest,index,diffpeak,logfc
1,156008972,156009372,401,*,48,ENSG00000163479,156009048,156020951,-,overlapEnd,11979,76,Overlapping,chr1156008972156009372,-1.66569213322109,0.185909274987599
16,85806676,85807076,401,*,331,ENSG00000131143,85798633,85807068,+,overlapEnd,8043,8,Overlapping,chr168580667685807076,-1.36338809140209,0.283759678910686
22,42086013,42086413,401,*,961,ENSG00000184983,42085526,42090884,-,inside,4871,487,Overlapping,chr224208601342086413,-1.70869209313746,0.233270569205851
22,42086013,42086413,401,*,961,ENSG00000270083,42089630,42090028,-,downstream,4015,3217,NearestLocation,chr224208601342086413,-1.70869209313746,0.23264059129095
1,154206728,154207128,401,*,1087,ENSG00000143612,154206696,154220637,-,inside,13909,32,Overlapping,chr1154206728154207128,-1.41887547968718,0.258006050821062
11,78023022,78023422,401,*,1344,ENSG00000259112,78016971,78079865,-,inside,56843,6051,Overlapping,chr117802302278023422,-0.861271374256772,0.208031576744575
9,130913043,130913443,401,*,1366,ENSG00000130720,130902438,130939286,-,inside,26243,10605,Overlapping,chr9130913043130913443,-1.00383798040833,0.486056446333671
10,102461240,102461640,401,*,1659,ENSG00000138107,102461881,102502712,-,downstream,41472,241,Overlapping,chr10102461240102461640,-0.804445242742009,0.197180810357414
14,55108057,55108457,401,*,2147,ENSG00000131981,55124110,55145423,+,upstream,-16053,15653,NearestLocation,chr145510805755108457,-0.763904993101462,0.285602903328021
