seqnames,start,end,width,strand,peak,feature,feature.ranges.start,feature.ranges.end,feature.ranges.width,feature.strand,distance,insideFeature,distanceToSite,description,index,diffpeak,logfc
10,22319839,22320239,401,*,X743,ENSG00000168283,22321099,22331484,10386,+,859,upstream,859,BMI1 proto-oncogene, polycomb ring finger [Source:HGNC Symbol;Acc:HGNC:1066],chr102231983922320239,-2.12074165861473,-0.75051581141617
8,141116159,141116559,401,*,X1132,ENSG00000105339,141117278,141195808,78531,+,718,upstream,718,DENN domain containing 3 [Source:HGNC Symbol;Acc:HGNC:29134],chr8141116159141116559,-1.48882832332375,-0.733444169430686
11,9138924,9139324,401,*,X1384,ENSG00000175356,9019476,9138114,118639,-,809,upstream,809,signal peptide, CUB domain and EGF like domain containing 2 [Source:HGNC Symbol;Acc:HGNC:30425],chr1191389249139324,-2.20747749812894,-1.12732283007704
18,11980552,11980952,401,*,X2079,ENSG00000141401,11981025,12030877,49853,+,72,upstream,72,inositol monophosphatase 2 [Source:HGNC Symbol;Acc:HGNC:6051],chr181198055211980952,-0.477307646214086,-1.48968700809595
1,20633413,20633813,401,*,X2155,ENSG00000158828,20633458,20651511,18054,+,0,overlapStart,0,PTEN induced kinase 1 [Source:HGNC Symbol;Acc:HGNC:14581],chr12063341320633813,-0.459020126699547,-2.10833878089949
2,42494130,42494530,401,*,X2497,ENSG00000057935,42494569,42756947,262379,+,38,upstream,38,metastasis associated 1 family member 3 [Source:HGNC Symbol;Acc:HGNC:23784],chr24249413042494530,-1.01659719412124,-0.401150982214458
14,102317118,102317518,401,*,X2508,ENSG00000022976,102317377,102342702,25326,+,0,overlapStart,0,zinc finger protein 839 [Source:HGNC Symbol;Acc:HGNC:20345],chr14102317118102317518,-0.854189680632258,-1.16669797385208
11,60924422,60924822,401,*,X2676,ENSG00000006118,60924460,60937159,12700,+,0,overlapStart,0,transmembrane protein 132A [Source:HGNC Symbol;Acc:HGNC:31092],chr116092442260924822,-0.492225134124224,-1.3735581869982
1,212699504,212699904,401,*,X2724,ENSG00000123685,212686417,212699840,13424,-,0,overlapStart,0,basic leucine zipper ATF-like transcription factor 3 [Source:HGNC Symbol;Acc:HGNC:28915],chr1212699504212699904,-0.604920982563901,-1.26459249782236
