seqnames,start,end,width,strand,peak,feature,feature.ranges.start,feature.ranges.end,feature.ranges.width,feature.strand,distance,insideFeature,distanceToSite,description,index,diffpeak,logfc
10,77926400,77926800,401,*,X624,ENSG00000151208,77790791,77926755,135965,-,0,overlapStart,0,discs large MAGUK scaffold protein 5 [Source:HGNC Symbol;Acc:HGNC:2904],chr107792640077926800,0.504094997190618,-0.610143889904364
4,22515677,22516077,401,*,X760,ENSG00000152990,22345071,22516066,170996,-,0,overlapStart,0,adhesion G protein-coupled receptor A3 [Source:HGNC Symbol;Acc:HGNC:13839],chr42251567722516077,0.447675043309806,-0.491971105810099
12,89709496,89709896,401,*,X2454,ENSG00000070961,89588049,89709300,121252,-,195,upstream,195,ATPase plasma membrane Ca2+ transporting 1 [Source:HGNC Symbol;Acc:HGNC:814],chr128970949689709896,0.426560704831998,-0.310915301878164
2,240435341,240435741,401,*,X2525,ENSG00000063660,240435663,240468076,32414,+,0,overlapStart,0,glypican 1 [Source:HGNC Symbol;Acc:HGNC:4449],chr2240435341240435741,0.417871981687898,-0.38675169568333
20,63739709,63740109,401,*,X3274,ENSG00000125520,63739776,63744050,4275,+,0,overlapStart,0,SLC2A4 regulator [Source:HGNC Symbol;Acc:HGNC:15930],chr206373970963740109,0.393776301699046,-0.505960838419081
