seqnames,start,end,width,strand,peak,feature,feature.ranges.start,feature.ranges.end,feature.ranges.width,feature.strand,distance,insideFeature,distanceToSite,description,index,diffpeak,logfc
4,78551688,78552088,401,*,X1994,ENSG00000138772,78551747,78610451,58705,+,0,overlapStart,0,annexin A3 [Source:HGNC Symbol;Acc:HGNC:541],chr47855168878552088,-0.840965860080722,1.06185568463379
1,28236067,28236467,401,*,X2004,ENSG00000130770,28236109,28246906,10798,+,0,overlapStart,0,ATP synthase inhibitory factor subunit 1 [Source:HGNC Symbol;Acc:HGNC:871],chr12823606728236467,-0.575456401138102,0.369235966177519
19,49474142,49474542,401,*,X2201,ENSG00000090554,49474207,49486231,12025,+,0,overlapStart,0,fms related receptor tyrosine kinase 3 ligand [Source:HGNC Symbol;Acc:HGNC:3766],chr194947414249474542,-0.733312370244454,0.422385365882957
14,67411783,67412183,401,*,X2312,ENSG00000100558,67386984,67412167,25184,-,0,overlapStart,0,pleckstrin 2 [Source:HGNC Symbol;Acc:HGNC:19238],chr146741178367412183,-0.976245539847644,0.745832817149043
4,88697506,88697906,401,*,X2560,ENSG00000177432,88695913,88697829,1917,-,0,overlapStart,0,nucleosome assembly protein 1 like 5 [Source:HGNC Symbol;Acc:HGNC:19968],chr48869750688697906,-0.677075846065353,0.567377625950695
11,134253611,134254011,401,*,X2648,ENSG00000151500,134248279,134253370,5092,-,240,upstream,240,thymocyte nuclear protein 1 [Source:HGNC Symbol;Acc:HGNC:29560],chr11134253611134254011,-0.535907727689228,0.476462053875997
