seqnames,start,end,width,strand,peak,feature,feature.ranges.start,feature.ranges.end,feature.ranges.width,feature.strand,distance,insideFeature,distanceToSite,description,index,diffpeak,logfc
2,39124387,39124787,401,*,X414,ENSG00000115904,38962206,39124345,162140,-,41,upstream,41,SOS Ras/Rac guanine nucleotide exchange factor 1 [Source:HGNC Symbol;Acc:HGNC:11187],chr23912438739124787,-0.574034055380094,-0.364371956099314
1,150066875,150067275,401,*,X730,ENSG00000136631,150067279,150145329,78051,+,3,upstream,3,vacuolar protein sorting 45 homolog [Source:HGNC Symbol;Acc:HGNC:14579],chr1150066875150067275,-0.524659483465355,-0.395474156068691
13,41061384,41061784,401,*,X767,ENSG00000120688,41061509,41084006,22498,+,0,overlapStart,0,WW domain binding protein 4 [Source:HGNC Symbol;Acc:HGNC:12739],chr134106138441061784,-0.497583750297197,-0.26438555792922
13,24512430,24512830,401,*,X768,ENSG00000102699,24420931,24512778,91848,-,0,overlapStart,0,poly(ADP-ribose) polymerase family member 4 [Source:HGNC Symbol;Acc:HGNC:271],chr132451243024512830,-0.398217573702443,-0.401610566282726
8,123274034,123274434,401,*,X789,ENSG00000259305,123226189,123274284,48096,-,0,overlapStart,0,ZHX1-C8orf76 readthrough [Source:HGNC Symbol;Acc:HGNC:42975],chr8123274034123274434,-0.310869871005035,-0.582399414005831
2,97113149,97113549,401,*,X1453,ENSG00000135976,97113153,97264521,151369,+,0,overlapStart,0,ankyrin repeat domain 36 [Source:HGNC Symbol;Acc:HGNC:24079],chr29711314997113549,-0.520306944038931,-0.355212531211703
