seqnames,start,end,width,strand,peak,feature,start_position,end_position,feature_strand,insideFeature,distancetoFeature,shortestDistance,fromOverlappingOrNearest,index,diffpeak,logfc
11,17276715,17277115,401,*,48,ENSG00000070081,17208153,17349980,+,inside,68562,68562,Overlapping,chr111727671517277115,2.7920326846821,-0.261967052576621
2,135742019,135742419,401,*,71,ENSG00000144224,135741734,135785056,+,inside,285,285,NearestLocation,chr2135742019135742419,2.99722463153381,-0.225226715595785
6,53268017,53268417,401,*,97,ENSG00000012660,53267398,53349179,-,inside,81162,619,Overlapping,chr65326801753268417,2.23348673965991,-0.454823748460235
9,18907955,18908355,401,*,146,ENSG00000178031,17906563,18910950,+,inside,1001392,2595,Overlapping,chr91890795518908355,1.67529653664645,-0.364442548814628
20,61795859,61796259,401,*,282,ENSG00000179242,61252261,61940617,+,inside,543598,144358,Overlapping,chr206179585961796259,2.26025903736761,-0.60519765296267
2,111016315,111016715,401,*,360,ENSG00000172965,111006015,111523376,-,inside,507061,10300,Overlapping,chr2111016315111016715,1.26025903736761,-0.50559597188329
1,46246931,46247331,401,*,394,ENSG00000085999,46246461,46278480,+,inside,470,470,NearestLocation,chr14624693146247331,1.94398012246493,-0.54081603193805
10,124607325,124607725,401,*,609,ENSG00000107902,124461823,124617888,+,inside,145502,10163,Overlapping,chr10124607325124607725,1.99722463153381,-0.283572951816768
9,130956707,130957107,401,*,712,ENSG00000130720,130902438,130939286,-,upstream,-17421,17421,NearestLocation,chr9130956707130957107,1.64002959123705,-0.388360017624018
