seqnames,start,end,width,strand,peak,feature,start_position,end_position,feature_strand,insideFeature,distancetoFeature,shortestDistance,fromOverlappingOrNearest,index,diffpeak,logfc
11,207997,208397,401,*,7,ENSG00000177963,207708,215113,+,inside,289,289,NearestLocation,chr11207997208397,2.49901175522407,0.283354323406261
5,151238400,151238800,401,*,627,ENSG00000196743,151212150,151270440,+,inside,26250,26250,Overlapping,chr5151238400151238800,1.79857203708298,0.550680322490149
19,18896266,18896666,401,*,680,ENSG00000105669,18899514,18919387,-,downstream,23121,2848,Overlapping,chr191889626618896666,2.37333051416038,0.212483112010514
11,65116891,65117291,401,*,728,ENSG00000149809,65111845,65116384,+,downstream,5046,507,Overlapping,chr116511689165117291,2.16847514623342,1.3445572509845
