seqnames,start,end,width,strand,peak,feature,feature.ranges.start,feature.ranges.end,feature.ranges.width,feature.strand,distance,insideFeature,distanceToSite,description,index,diffpeak,logfc
1,39690502,39690902,401,*,X27,ENSG00000084072,39692182,39763914,71733,+,1279,upstream,1279,peptidylprolyl isomerase E [Source:HGNC Symbol;Acc:HGNC:9258],chr13969050239690902,-2.66491637343285,-0.555677408082457
12,70242894,70243294,401,*,X210,ENSG00000111596,70243002,70354993,111992,+,0,overlapStart,0,CCR4-NOT transcription complex subunit 2 [Source:HGNC Symbol;Acc:HGNC:7878],chr127024289470243294,-2.06275813290662,-0.538620131109822
1,84998117,84998517,401,*,X246,ENSG00000153898,84925583,84997113,71531,-,1003,upstream,1003,mucolipin TRP cation channel 2 [Source:HGNC Symbol;Acc:HGNC:13357],chr18499811784998517,-1.92300394530575,-1.86173108357513
1,246509638,246510038,401,*,X294,ENSG00000185420,245749342,246507312,757971,-,2325,upstream,2325,SET and MYND domain containing 3 [Source:HGNC Symbol;Acc:HGNC:15513],chr1246509638246510038,-1.83052999592564,-1.48099936631916
2,63840922,63841322,401,*,X377,ENSG00000169764,63840952,63891562,50611,+,0,overlapStart,0,UDP-glucose pyrophosphorylase 2 [Source:HGNC Symbol;Acc:HGNC:12527],chr26384092263841322,-1.83052999592564,-0.405609985592222
10,11611442,11611842,401,*,X453,ENSG00000148429,11460510,11611666,151157,-,0,overlapStart,0,USP6 N-terminal like [Source:HGNC Symbol;Acc:HGNC:16858],chr101161144211611842,-1.66491637343285,-1.78383027392663
2,100819244,100819644,401,*,X470,ENSG00000170485,100820139,100996829,176691,+,494,upstream,494,neuronal PAS domain protein 2 [Source:HGNC Symbol;Acc:HGNC:7895],chr2100819244100819644,-1.76824526373069,-0.47174853564692
19,14136197,14136597,401,*,X631,ENSG00000267169,14137146,14171267,34122,+,548,upstream,548,ADGRL1 antisense RNA 1 [Source:HGNC Symbol;Acc:HGNC:55309],chr191413619714136597,-1.55361195200997,-0.845365595867153
1,114511334,114511734,401,*,X836,ENSG00000197323,114392790,114511203,118414,-,130,upstream,130,tripartite motif containing 33 [Source:HGNC Symbol;Acc:HGNC:16290],chr1114511334114511734,-2.41648735448774,-0.611139561830146
