seqnames,start,end,width,strand,peak,feature,feature.ranges.start,feature.ranges.end,feature.ranges.width,feature.strand,distance,insideFeature,distanceToSite,description,index,diffpeak,logfc
3,38136758,38137158,401,*,X282,ENSG00000172936,38138478,38143022,4545,+,1319,upstream,1319,MYD88 innate immune signal transduction adaptor [Source:HGNC Symbol;Acc:HGNC:7562],chr33813675838137158,0.497442996670434,0.368297821416852
14,75661241,75661641,401,*,X647,ENSG00000133935,75649791,75660876,11086,-,364,upstream,364,ergosterol biosynthesis 28 homolog [Source:HGNC Symbol;Acc:HGNC:1187],chr147566124175661641,0.362886522672321,0.424068829353619
1,232950533,232950933,401,*,X1045,ENSG00000135778,232950605,232983882,33278,+,0,overlapStart,0,nucleoside-triphosphatase, cancer-related [Source:HGNC Symbol;Acc:HGNC:28204],chr1232950533232950933,0.417849342952413,0.472121563017581
X,153944359,153944759,401,*,X1051,ENSG00000102032,153935269,153944687,9419,-,0,overlapStart,0,renin binding protein [Source:HGNC Symbol;Acc:HGNC:9959],chrX153944359153944759,1.06437704104718,1.17894593629183
7,66740819,66741219,401,*,X1549,ENSG00000272831,66739829,66740385,557,-,433,upstream,433,novel transcript, antisense to RABGEF1,chr76674081966741219,0.295179966187876,0.435978901834675
19,17932953,17933353,401,*,X1591,ENSG00000007080,17933015,17943991,10977,+,0,overlapStart,0,coiled-coil domain containing 124 [Source:HGNC Symbol;Acc:HGNC:25171],chr191793295317933353,0.355826880677048,0.313208360400558
