seqnames,start,end,width,strand,peak,feature,feature.ranges.start,feature.ranges.end,feature.ranges.width,feature.strand,distance,insideFeature,distanceToSite,description,index,diffpeak,logfc
5,74767444,74767844,401,*,X129,ENSG00000164347,74721206,74767147,45942,-,296,upstream,296,GTP dependent ribosome recycling factor mitochondrial 2 [Source:HGNC Symbol;Acc:HGNC:29682],chr57476744474767844,-2.35037687018653,0.286274271260688
3,52409659,52410059,401,*,X229,ENSG00000010318,52410660,52423641,12982,+,600,upstream,600,PHD finger protein 7 [Source:HGNC Symbol;Acc:HGNC:18458],chr35240965952410059,-2.18857059645629,0.636121330810853
11,18322501,18322901,401,*,X303,ENSG00000110756,18278668,18322198,43531,-,302,upstream,302,HPS5 biogenesis of lysosomal organelles complex 2 subunit 2 [Source:HGNC Symbol;Acc:HGNC:17022],chr111832250118322901,-2.65619742261489,0.48384021480033
17,45132090,45132490,401,*,X515,ENSG00000181513,45132600,45144181,11582,+,109,upstream,109,acyl-CoA binding domain containing 4 [Source:HGNC Symbol;Acc:HGNC:23337],chr174513209045132490,-1.55361195200997,0.574623492593773
12,25250545,25250945,401,*,X635,ENSG00000133703,25205246,25250936,45691,-,0,overlapStart,0,KRAS proto-oncogene, GTPase [Source:HGNC Symbol;Acc:HGNC:6407],chr122525054525250945,-1.96021480318326,0.330178460841427
1,155208165,155208565,401,*,X645,ENSG00000173171,155208695,155213824,5130,+,129,upstream,129,metaxin 1 [Source:HGNC Symbol;Acc:HGNC:7504],chr1155208165155208565,-1.59486835914586,0.353966025574769
11,64318034,64318434,401,*,X847,ENSG00000173113,64316460,64317559,1100,-,474,upstream,474,tRNA methyltransferase activator subunit 11-2 [Source:HGNC Symbol;Acc:HGNC:26940],chr116431803464318434,-1.47779563218546,0.274250380161723
11,64318034,64318434,401,*,X847,ENSG00000126432,64318121,64321811,3691,+,0,overlapStart,0,peroxiredoxin 5 [Source:HGNC Symbol;Acc:HGNC:9355],chr116431803464318434,-1.47779563218546,0.302218261913419
11,72103087,72103487,401,*,X907,ENSG00000149357,72085895,72103297,17403,-,0,overlapStart,0,late endosomal/lysosomal adaptor, MAPK and MTOR activator 1 [Source:HGNC Symbol;Acc:HGNC:26068],chr117210308772103487,-2.53356008144814,0.274119835358237
