seqnames,start,end,width,strand,peak,feature,start_position,end_position,feature_strand,insideFeature,distancetoFeature,shortestDistance,fromOverlappingOrNearest,index,diffpeak,logfc
1,203442313,203442713,401,*,256,ENSG00000188783,203475806,203491352,+,upstream,-33493,33093,NearestLocation,chr1203442313203442713,2.26025903736761,0.413214478840489
14,104793491,104793891,401,*,352,ENSG00000142208,104769349,104795751,-,inside,2260,1860,NearestLocation,chr14104793491104793891,1.26025903736761,0.287541908911504
13,113838098,113838498,401,*,459,ENSG00000233695,113815630,113845744,+,inside,22468,7246,NearestLocation,chr13113838098113838498,2.27745951185234,0.615676455039296
7,44103832,44104232,401,*,495,ENSG00000106624,44104345,44114562,+,upstream,-513,113,NearestLocation,chr74410383244104232,2.48265145870406,0.459066321005861
