seqnames,start,end,width,strand,peak,feature,feature.ranges.start,feature.ranges.end,feature.ranges.width,feature.strand,distance,insideFeature,distanceToSite,description,index,diffpeak,logfc
4,158170379,158170779,401,*,X169,ENSG00000248429,158170752,158202877,32126,+,0,overlapStart,0,GASK1B antisense RNA 1 [Source:HGNC Symbol;Acc:HGNC:53132],chr4158170379158170779,1.35333945223327,1.5026111571713
12,54391025,54391425,401,*,X991,ENSG00000161642,54369133,54391298,22166,-,0,overlapStart,0,zinc finger protein 385A [Source:HGNC Symbol;Acc:HGNC:17521],chr125439102554391425,1.1180749368519,0.540570344671666
11,67056669,67057069,401,*,X1061,ENSG00000173156,67056847,67072017,15171,+,0,overlapStart,0,ras homolog family member D [Source:HGNC Symbol;Acc:HGNC:670],chr116705666967057069,0.736233606352058,0.59081968145939
11,789765,790165,401,*,X1086,ENSG00000184524,787115,790113,2999,-,0,overlapStart,0,cell cycle exit and neuronal differentiation 1 [Source:HGNC Symbol;Acc:HGNC:24153],chr11789765790165,0.715266665519925,0.650472608781108
22,44752436,44752836,401,*,X1882,ENSG00000241484,44752558,44862788,110231,+,0,overlapStart,0,Rho GTPase activating protein 8 [Source:HGNC Symbol;Acc:HGNC:677],chr224475243644752836,1.28489567610403,0.602357051409438
2,218607759,218608159,401,*,X3041,ENSG00000115556,218607855,218637184,29330,+,0,overlapStart,0,phospholipase C delta 4 [Source:HGNC Symbol;Acc:HGNC:9062],chr2218607759218608159,1.09121732665349,0.883500937303303
19,44808979,44809379,401,*,X3052,ENSG00000187244,44809071,44821421,12351,+,0,overlapStart,0,basal cell adhesion molecule (Lutheran blood group) [Source:HGNC Symbol;Acc:HGNC:6722],chr194480897944809379,0.584350702663841,0.475887226169746
19,55485165,55485565,401,*,X3070,ENSG00000090971,55485188,55487568,2381,+,0,overlapStart,0,N-acetyltransferase 14 (putative) [Source:HGNC Symbol;Acc:HGNC:28918],chr195548516555485565,0.527957198599455,0.344113964701203
11,2899454,2899854,401,*,X3512,ENSG00000110628,2899721,2925246,25526,+,0,overlapStart,0,solute carrier family 22 member 18 [Source:HGNC Symbol;Acc:HGNC:10964],chr1128994542899854,1.74668677489826,0.3970106781067
