seqnames,start,end,width,strand,peak,feature,start_position,end_position,feature_strand,insideFeature,distancetoFeature,shortestDistance,fromOverlappingOrNearest,index,diffpeak,logfc
8,23118550,23118950,401,*,4622,ENSG00000173535,23102921,23117445,+,downstream,15629,1105,NearestLocation,chr82311855023118950,3.58289041786134,0.826597914371171
5,150574844,150575244,401,*,13265,ENSG00000171992,150601080,150659207,+,upstream,-26236,25836,NearestLocation,chr5150574844150575244,1.81977128768379,0.712412081521944
22,37243959,37244359,401,*,15964,ENSG00000128340,37225270,37244448,-,inside,489,89,NearestLocation,chr223724395937244359,1.07071985300638,0.709421066594764
5,150590550,150590950,401,*,16867,ENSG00000171992,150601080,150659207,+,upstream,-10530,10130,NearestLocation,chr5150590550150590950,1.69852469425592,0.712412081521944
5,150651715,150652115,401,*,17120,ENSG00000171992,150601080,150659207,+,inside,50635,7092,Overlapping,chr5150651715150652115,1.59584596559106,0.712412081521944
19,39498243,39498643,401,*,17443,ENSG00000090932,39498895,39508481,+,upstream,-652,252,NearestLocation,chr193949824339498643,1.72522098137385,1.15128605867207
19,18177789,18178189,401,*,18864,ENSG00000216490,18173162,18178117,+,overlapEnd,4627,72,NearestLocation,chr191817778918178189,1.11728390989318,0.568832444179166
