seqnames,start,end,width,strand,peak,feature,feature.ranges.start,feature.ranges.end,feature.ranges.width,feature.strand,distance,insideFeature,distanceToSite,description,index,diffpeak,logfc
6,31547752,31548152,401,*,X6042,ENSG00000254870,31530219,31546608,16390,-,1143,upstream,1143,ATP6V1G2-DDX39B readthrough (NMD candidate) [Source:HGNC Symbol;Acc:HGNC:41999],chr63154775231548152,2.1657750376494,1.19359702035594
21,44920493,44920893,401,*,X9618,ENSG00000227039,44921051,44929680,8630,+,157,upstream,157,ITGB2 antisense RNA 1 [Source:HGNC Symbol;Acc:HGNC:44304],chr214492049344920893,2.07849824575616,2.12233002091257
3,58536899,58537299,401,*,X12378,ENSG00000168306,58505136,58537283,32148,-,0,overlapStart,0,acyl-CoA oxidase 2 [Source:HGNC Symbol;Acc:HGNC:120],chr35853689958537299,1.30499290687787,1.19496638842573
1,6519884,6520284,401,*,X14327,ENSG00000171680,6467122,6520074,52953,-,0,overlapStart,0,pleckstrin homology and RhoGEF domain containing G5 [Source:HGNC Symbol;Acc:HGNC:29105],chr165198846520284,1.39719484180441,0.500729205523479
3,51974480,51974880,401,*,X14639,ENSG00000272762,51961212,51974031,12820,-,448,upstream,448,novel transcript,chr35197448051974880,1.03618764538519,0.352852532289249
3,51974480,51974880,401,*,X14639,ENSG00000114786,51974706,51989183,14478,+,0,overlapStart,0,ABHD14A-ACY1 readthrough [Source:HGNC Symbol;Acc:HGNC:38856],chr35197448051974880,1.03618764538519,0.480290650889812
2,105438326,105438726,401,*,X15339,ENSG00000115641,105357712,105438513,80802,-,0,overlapStart,0,four and a half LIM domains 2 [Source:HGNC Symbol;Acc:HGNC:3703],chr2105438326105438726,1.33338447337073,0.368750010995568
