seqnames,start,end,width,strand,peak,feature,feature.ranges.start,feature.ranges.end,feature.ranges.width,feature.strand,distance,insideFeature,distanceToSite,description,index,diffpeak,logfc
12,76031795,76032195,401,*,X1715,ENSG00000139289,76025447,76031776,6330,-,18,upstream,18,pleckstrin homology like domain family A member 1 [Source:HGNC Symbol;Acc:HGNC:8933],chr127603179576032195,-2.25001870150497,0.406860566124739
5,52988925,52989325,401,*,X2074,ENSG00000164171,52989340,53094779,105440,+,14,upstream,14,integrin subunit alpha 2 [Source:HGNC Symbol;Acc:HGNC:6137],chr55298892552989325,-2.52377899814739,0.523414673903635
2,24793032,24793432,401,*,X3743,ENSG00000184924,24789728,24793391,3664,-,0,overlapStart,0,peptidyl-tRNA hydrolase domain containing 1 [Source:HGNC Symbol;Acc:HGNC:33782],chr22479303224793432,-2.0317685109382,0.545730207652505
2,200963285,200963685,401,*,X4053,ENSG00000115942,200908977,200963680,54704,-,0,overlapStart,0,origin recognition complex subunit 2 [Source:HGNC Symbol;Acc:HGNC:8488],chr2200963285200963685,-2.0314045297371,0.493991843902343
9,113056385,113056785,401,*,X11814,ENSG00000136866,113038377,113056759,18383,-,0,overlapStart,0,ZFP37 zinc finger protein [Source:HGNC Symbol;Acc:HGNC:12863],chr9113056385113056785,-1.57735098019273,0.951547807944436
4,108620683,108621083,401,*,X14309,ENSG00000234492,108538190,108620460,82271,-,222,upstream,222,RPL34 divergent transcript [Source:HGNC Symbol;Acc:HGNC:26749],chr4108620683108621083,-1.38363011138099,1.53701977276499
