seqnames,start,end,width,strand,peak,feature,feature.ranges.start,feature.ranges.end,feature.ranges.width,feature.strand,distance,insideFeature,distanceToSite,description,index,diffpeak,logfc
17,3896781,3897181,401,*,X1917,ENSG00000004660,3860315,3894891,34577,-,1889,upstream,1889,calcium/calmodulin dependent protein kinase kinase 1 [Source:HGNC Symbol;Acc:HGNC:1469],chr1738967813897181,3.33376638866218,-0.640996587410769
20,23049504,23049904,401,*,X2356,ENSG00000178726,23045633,23049672,4040,-,0,overlapStart,0,thrombomodulin [Source:HGNC Symbol;Acc:HGNC:11784],chr202304950423049904,2.26748588614997,-0.987756538738053
1,4653455,4653855,401,*,X3652,ENSG00000196581,4654609,4792534,137926,+,753,upstream,753,adherens junctions associated protein 1 [Source:HGNC Symbol;Acc:HGNC:30801],chr146534554653855,3.80725752069712,-0.991364387431883
10,132537369,132537769,401,*,X5520,ENSG00000068383,132537787,132783480,245694,+,17,upstream,17,inositol polyphosphate-5-phosphatase A [Source:HGNC Symbol;Acc:HGNC:6076],chr10132537369132537769,2.08226044165093,-1.29073351791225
5,178590069,178590469,401,*,X6355,ENSG00000050767,178237476,178590393,352918,-,0,overlapStart,0,collagen type XXIII alpha 1 chain [Source:HGNC Symbol;Acc:HGNC:22990],chr5178590069178590469,1.90801715199165,-2.00594880082939
7,1081327,1081727,401,*,X9690,ENSG00000164850,1082208,1093815,11608,+,480,upstream,480,G protein-coupled estrogen receptor 1 [Source:HGNC Symbol;Acc:HGNC:4485],chr710813271081727,2.45929727074604,-0.591583988993895
19,17077550,17077950,401,*,X11090,ENSG00000131351,17049729,17075625,25897,-,1924,upstream,1924,HAUS augmin like complex subunit 8 [Source:HGNC Symbol;Acc:HGNC:30532],chr191707755017077950,2.05921694286649,-0.602359348863159
22,48489353,48489753,401,*,X13416,ENSG00000219438,48489553,48850912,361360,+,0,overlapStart,0,TAFA chemokine like family member 5 [Source:HGNC Symbol;Acc:HGNC:21592],chr224848935348489753,1.64208444220295,-1.67943534360768
15,40925999,40926399,401,*,X13694,ENSG00000128917,40929340,40939073,9734,+,2940,upstream,2940,delta like canonical Notch ligand 4 [Source:HGNC Symbol;Acc:HGNC:2910],chr154092599940926399,1.32997013032692,-0.849609420863585
